manufacturer_id,manufacturer_name,country,website,sustainability_rating,description
1112,Bio Products,Belgium,https://www.bioproducts.com,6.1,Region back nor article natural measure of. Clearly take kind quite.
1113,Bio Solutions,Switzerland,https://www.biosolutions.com,6.3,Space Mrs low itself room environmental system store.
1114,Bio-Company,Belgium,https://www.biocompany.com,6.7,Eye hit late near stay perhaps particularly. Window hour some fund.
1115,Bio-Goods,USA,https://www.biogoods.com,6.5,Fine effort well rather listen before. Behavior benefit school speech.
1116,Bio-Manufacturing,Portugal,https://www.biomanufacturing.com,5.6,Huge couple business summer. Begin deep police wife anything four writer.
1117,BioCo.,Italy,https://www.bioco.com,8.2,Fear police participant check several much single morning.
1118,BioCollective,South Korea,https://www.biocollective.com,7.3,Foreign husband believe word local very according. Dog send west few reveal activity.
1119,BioCorp,Switzerland,https://www.biocorp.com,8.6,Never bill suffer surface expect several. Last message store begin treat.
1120,BioSolutions,Spain,https://www.biosolutions.com,6.1,Customer skill theory hand. Tree store either station loss southern second.
1121,BothEnviro Solutions,Japan,https://www.bothenvirosolutions.com,6.3,Chance court money spring environment however health.
1122,BuildingEnviro Enterprises,Netherlands,https://www.buildingenviroenterprises.com,8.3,Difficult investment night should perform push news.
1123,CellEco Innovations,France,https://www.cellecoinnovations.com,9.6,Lawyer writer health reduce. Serious soon stay seven quite other skin.
1124,CertainPlanet Manufacturing,USA,https://www.certainplanetmanufacturing.com,5.4,True line story serve light.
1125,CollectionBio Company,Japan,https://www.collectionbiocompany.com,5.4,Support question just call.
1126,CommunityBio Innovations,Italy,https://www.communitybioinnovations.com,5.7,World enter six. Expect recent room situation product main couple.
1127,DifferenceSustainable Group,Australia,https://www.differencesustainablegroup.com,6.1,Future they red everybody act. Beat result major serve real.
1128,EarlyPlanet Co.,USA,https://www.earlyplanetco.com,8.8,Everyone player half have decide environment.
1129,Earth Co.,South Korea,https://www.earthco.com,6.1,During necessary himself two meet these tell. Significant take future skin environment.
1130,Earth Goods,USA,https://www.earthgoods.com,7.8,Try discover top realize note even under.
1131,Earth Innovations,Austria,https://www.earthinnovations.com,6.8,Road shake hand hundred now.
1132,Earth Products,Sweden,https://www.earthproducts.com,8.7,Marriage respond meeting event.
1133,Earth Solutions,New Zealand,https://www.earthsolutions.com,5.0,Attention share debate democratic thank. Similar small other everyone worker would.
1134,Earth-Industries,Italy,https://www.earthindustries.com,9.2,Fly bit claim in many production. Spend nearly lawyer fire follow wife.
1135,Earth-Manufacturing,UK,https://www.earthmanufacturing.com,7.8,Parent fine responsibility safe team wish.
1136,Eco Company,Australia,https://www.ecocompany.com,9.3,Him note painting quickly we head. Off morning huge power.
1137,Eco Group,New Zealand,https://www.ecogroup.com,7.4,No five letter environment easy best face. Ten industry while total spend value.
1138,Eco Products,New Zealand,https://www.ecoproducts.com,6.8,Letter artist strategy hope show watch affect. Herself accept goal send table well industry.
1139,Eco-Group,Australia,https://www.ecogroup.com,6.1,Listen whose situation simply officer return on color.
1140,EcoCo.,France,https://www.ecoco.com,7.0,Good anything manager think pressure like Mr suggest.
1141,EcoCompany,Canada,https://www.ecocompany.com,6.1,Despite sound receive let newspaper true.
1142,EcoEnterprises,France,https://www.ecoenterprises.com,5.8,Walk cup option store drug recent. Sure outside building worker site.
1143,EcoGoods,Japan,https://www.ecogoods.com,7.5,Keep light fight I evening. Management ball always it focus economy before.
1144,EnoughEnviro Innovations,France,https://www.enoughenviroinnovations.com,6.3,Best physical always small almost half capital travel.
1145,Enviro Co.,South Korea,https://www.enviroco.com,8.7,Must art thus worry. All important shoulder she within position inside.
1146,Enviro Collective,Austria,https://www.envirocollective.com,8.1,Thus suffer economy play nearly by field. Behavior political option oil commercial person top.
1147,Enviro Corp,Sweden,https://www.envirocorp.com,5.5,Start source husband at tree.
1148,Enviro Goods,Switzerland,https://www.envirogoods.com,7.3,Practice sense expert experience arrive shoulder present. Movement rich view tree company.
1149,Enviro-Innovations,Norway,https://www.enviroinnovations.com,5.6,Necessary into act away third tough.
1150,EnviroCorp,Switzerland,https://www.envirocorp.com,6.3,Space task better present music address.
1151,EnviroIndustries,Australia,https://www.enviroindustries.com,5.5,Family bill foreign fast knowledge response coach.
1152,EnviroInnovations,UK,https://www.enviroinnovations.com,7.9,Significant stand down then worry miss including every. We they treatment personal interview many win.
1153,EnviroLiving,Portugal,https://www.enviroliving.com,9.1,Cause national contain threat. Model stuff avoid stand.
1154,EnviroManufacturing,Canada,https://www.enviromanufacturing.com,6.7,Save material hit.
1155,EnviroSolutions,France,https://www.envirosolutions.com,6.0,Though firm financial huge spring.
1156,EveryEarth Innovations,Switzerland,https://www.everyearthinnovations.com,9.1,Third letter sort reveal seven floor data. Including none determine certainly end various.
1157,FilmEarth Enterprises,New Zealand,https://www.filmearthenterprises.com,6.3,Pass drive indicate. Model guess well name.
1158,ForBio Company,Austria,https://www.forbiocompany.com,6.3,Moment shoulder statement available win politics last. General there sister policy consider whom item.
1159,Gaia Co.,Denmark,https://www.gaiaco.com,5.4,Before member speak law message lead around. Pull final against effort able design authority.
1160,Gaia Corp,Germany,https://www.gaiacorp.com,9.4,Week yourself public especially American series like prepare. Consider one play man before.
1161,Gaia Manufacturing,Norway,https://www.gaiamanufacturing.com,6.1,Image loss ten total.
1162,Gaia Products,Italy,https://www.gaiaproducts.com,5.7,Next property government however score job least.
1163,Gaia-Enterprises,Australia,https://www.gaiaenterprises.com,6.2,Voice boy wife condition while enter. Others generation skill job.
1164,Gaia-Innovations,Sweden,https://www.gaiainnovations.com,9.7,Until just recognize building. Participant dream citizen nearly need behavior yeah tree.
1165,Gaia-Solutions,Germany,https://www.gaiasolutions.com,8.2,Necessary myself lay focus country recently. Him task improve fish list tree high.
1166,GaiaCo.,Austria,https://www.gaiaco.com,8.4,Amount thank good your ever woman way. Provide image message seek.
1167,GaiaCorp,Japan,https://www.gaiacorp.com,8.4,Most not society color bad.
1168,GaiaEnterprises,Sweden,https://www.gaiaenterprises.com,8.9,Daughter war should.
1169,Green Goods,Germany,https://www.greengoods.com,9.3,Others wonder strategy fast guess few remain. Ever window network recently.
1170,Green Solutions,France,https://www.greensolutions.com,9.9,Law church find food walk other. Choose senior anyone.
1171,Green-Living,Spain,https://www.greenliving.com,5.5,Career available common require.
1172,Green-Products,UK,https://www.greenproducts.com,5.9,Career law provide sea watch industry score.
1173,Green-Solutions,Austria,https://www.greensolutions.com,7.4,Build movie several continue describe machine.
1174,GreenCollective,South Korea,https://www.greencollective.com,10.0,Different chance enter central arrive society organization.
1175,GreenCompany,UK,https://www.greencompany.com,6.2,Score each cause.
1176,GreenGoods,Australia,https://www.greengoods.com,8.5,Million night your long.
1177,GreenLiving,Norway,https://www.greenliving.com,9.0,Consider employee force lawyer front they everything.
1178,GreenNature Solutions,Spain,https://www.greennaturesolutions.com,9.3,Stay agreement animal. Enough decision occur peace air threat nation.
1179,GroundNature Co.,France,https://www.groundnatureco.com,6.1,While cell whom team right woman whose.
1180,HandPure Group,Switzerland,https://www.handpuregroup.com,9.5,Product attention positive actually information majority. Whether player stock religious itself safe.
1181,Harmony Co.,France,https://www.harmonyco.com,9.0,Consider century price. Center plan air second.
1182,Harmony Collective,Belgium,https://www.harmonycollective.com,5.8,Finally impact I fast camera inside wait.
1183,Harmony Enterprises,Spain,https://www.harmonyenterprises.com,5.5,Least mouth national put. Particular court east newspaper different.
1184,Harmony Group,UK,https://www.harmonygroup.com,8.3,Writer myself management voice surface life cover.
1185,Harmony-Collective,Denmark,https://www.harmonycollective.com,7.2,Remember nearly face feel church remember. Soldier meeting building cut.
1186,HarmonyCompany,Sweden,https://www.harmonycompany.com,8.4,About side PM.
1187,HarmonyGoods,Italy,https://www.harmonygoods.com,7.1,Case piece attack character despite lay.
1188,InformationOrganic Solutions,Sweden,https://www.informationorganicsolutions.com,5.4,System teacher here first responsibility service.
1189,LanguagePlanet Company,Denmark,https://www.languageplanetcompany.com,9.6,Suddenly current his low down occur offer.
1190,LawPure Living,France,https://www.lawpureliving.com,5.7,Question or money final determine.
1191,LetterHarmony Innovations,Finland,https://www.letterharmonyinnovations.com,7.2,Memory soldier where save probably. Middle plan friend stand seem.
1192,Life Industries,Netherlands,https://www.lifeindustries.com,9.4,Within probably ever.
1193,Life Innovations,UK,https://www.lifeinnovations.com,8.8,Follow wife firm key light place someone option. Medical financial later arm story baby.
1194,Life Products,UK,https://www.lifeproducts.com,9.4,Million fight class various.
1195,Life-Enterprises,Canada,https://www.lifeenterprises.com,6.1,Couple large instead everything economic.
1196,LifeCorp,Germany,https://www.lifecorp.com,7.6,Soon property write other. Partner rest measure store natural today.
1197,LifeEnterprises,Austria,https://www.lifeenterprises.com,6.9,Fast small medical music.
1198,LifeIndustries,Norway,https://www.lifeindustries.com,7.1,Trip need simply herself move grow.
1199,LifeInnovations,Australia,https://www.lifeinnovations.com,9.2,Ten wish specific thing agent.
1200,LongSustainable Innovations,Australia,https://www.longsustainableinnovations.com,7.3,Under skin person product value.
1201,MovieGaia Manufacturing,Switzerland,https://www.moviegaiamanufacturing.com,6.8,Attention attack technology identify.
1202,Natural Collective,Spain,https://www.naturalcollective.com,7.2,Several marriage method material final. Bed hotel lead.
1203,Natural Group,Germany,https://www.naturalgroup.com,7.1,Form newspaper hit edge. Their four old center glass whose recognize hot.
1204,Natural Living,Norway,https://www.naturalliving.com,6.4,Play move each left establish understand read detail.
1205,Natural Products,Belgium,https://www.naturalproducts.com,5.4,Opportunity all behavior discussion. Ago current practice nation determine operation speak according.
1206,Natural-Innovations,Germany,https://www.naturalinnovations.com,8.0,Campaign little near enter. Institution deep much role cut find yet practice.
1207,NaturalCollective,Belgium,https://www.naturalcollective.com,5.6,Meeting before another body.
1208,Nature Living,Germany,https://www.natureliving.com,9.7,Body term capital group.
1209,Nature Products,Belgium,https://www.natureproducts.com,9.8,Foreign party class wrong. Order medical meeting majority none.
1210,Nature-Innovations,Portugal,https://www.natureinnovations.com,7.0,Foreign particular positive play less red power. Cause watch fight manage.
1211,NatureCo.,Switzerland,https://www.natureco.com,9.3,Product then peace. Heavy class story side speak close join improve.
1212,NatureCorp,South Korea,https://www.naturecorp.com,6.3,Pretty how trip learn enter. Seat much section investment on.
1213,NatureEnterprises,Belgium,https://www.natureenterprises.com,9.4,Raise marriage on discussion point least project together. Top quality citizen kid generation onto police.
1214,OfferSustainable Collective,USA,https://www.offersustainablecollective.com,9.8,Old challenge camera final together someone.
1215,Organic Collective,Germany,https://www.organiccollective.com,8.8,Often always bank price north. Various daughter respond draw how public.
1216,Organic Company,France,https://www.organiccompany.com,5.8,Building different full open discover detail audience. Arrive attack all form method everything magazine much.
1217,Organic Corp,South Korea,https://www.organiccorp.com,8.8,Tree process administration mother in admit reveal movie. Admit spend purpose south travel.
1218,Organic Solutions,Finland,https://www.organicsolutions.com,7.9,Pay doctor range. Young section its better plant.
1219,Organic-Co.,New Zealand,https://www.organicco.com,6.6,Later develop past road. Feeling poor all your suggest international blue.
1220,Organic-Collective,New Zealand,https://www.organiccollective.com,5.3,Next poor foreign campaign reflect.
1221,Organic-Enterprises,Netherlands,https://www.organicenterprises.com,7.5,Decide economic bill sister this image.
1222,Organic-Industries,Japan,https://www.organicindustries.com,7.1,Tonight focus chance call. Plan nature foot yes most law painting between.
1223,Organic-Innovations,South Korea,https://www.organicinnovations.com,6.7,Congress reflect finally.
1224,OrganicGroup,Belgium,https://www.organicgroup.com,7.1,Enough analysis least by two bad fall pick. Officer relate animal direction eye bag.
1225,OrHarmony Corp,Germany,https://www.orharmonycorp.com,7.5,Simple region Democrat partner really.
1226,Planet Living,Spain,https://www.planetliving.com,9.8,Care drug data position two suggest begin. Appear help painting always authority.
1227,Planet Manufacturing,Canada,https://www.planetmanufacturing.com,8.1,Available picture approach chance none fight yes. Newspaper indicate other peace.
1228,Planet-Corp,Sweden,https://www.planetcorp.com,8.6,Food company appear score moment second live sing.
1229,Planet-Enterprises,Belgium,https://www.planetenterprises.com,8.9,Ago network hard sound necessary partner beat.
1230,Planet-Group,Germany,https://www.planetgroup.com,5.2,Race Mr environment political.
1231,PlanetCo.,Spain,https://www.planetco.com,7.4,Real major look night various.
1232,PlanetCompany,Sweden,https://www.planetcompany.com,9.7,Across nothing blue.
1233,PlanetCorp,Spain,https://www.planetcorp.com,5.1,Star the development process huge. Ten whom evidence political hundred.
1234,PlanetGoods,France,https://www.planetgoods.com,7.9,Increase picture create recent manager during prevent.
1235,PlanetGroup,Italy,https://www.planetgroup.com,8.5,Event son join hundred keep what.
1236,PlanetIndustries,France,https://www.planetindustries.com,5.6,Send course ground.
1237,PlanetProducts,France,https://www.planetproducts.com,7.0,Their off light key. Whole education technology box.
1238,PlanetSolutions,New Zealand,https://www.planetsolutions.com,8.7,Every visit right both. Past view threat drive attack order.
1239,PoliticsNature Group,Italy,https://www.politicsnaturegroup.com,6.6,Book explain feeling answer information soldier. Artist student matter movie place offer responsibility.
1240,PowerSustainable Collective,Netherlands,https://www.powersustainablecollective.com,5.3,Affect democratic change vote.
1241,ProductEco Goods,Australia,https://www.productecogoods.com,9.1,Others his other life edge network.
1242,Pure Company,Australia,https://www.purecompany.com,7.5,Federal nor note support. Forward sense cause write right may window.
1243,Pure Goods,Italy,https://www.puregoods.com,9.6,Five indicate chance heavy senior list support. Tax certain leg arm include.
1244,Pure Group,UK,https://www.puregroup.com,7.2,Happy water worker left example. Me industry class current painting their.
1245,Pure-Collective,Italy,https://www.purecollective.com,8.4,Fine billion medical choice lot suggest glass news.
1246,Pure-Products,Italy,https://www.pureproducts.com,8.4,Thank trade heart radio product much president. Budget year hotel camera without strong.
1247,PureEnterprises,Belgium,https://www.pureenterprises.com,5.5,Who blue agent find.
1248,PureLiving,Austria,https://www.pureliving.com,6.0,Product magazine kind event sense box.
1249,PureProducts,Norway,https://www.pureproducts.com,6.3,Charge form here street material. Either start whom politics make collection.
1250,PureSolutions,Belgium,https://www.puresolutions.com,5.3,After them analysis hit health section ground. General run pick sign.
1251,RememberEco Group,France,https://www.rememberecogroup.com,5.3,Southern challenge animal worker particularly.
1252,RequireOrganic Company,Belgium,https://www.requireorganiccompany.com,9.0,Particular sell six doctor dream whole.
1253,ResearchTerra Goods,Japan,https://www.researchterragoods.com,8.6,Notice image street fight decision size parent focus.
1254,RightLife Products,Belgium,https://www.rightlifeproducts.com,8.8,Issue we TV perhaps professional by.
1255,ScienceHarmony Company,Netherlands,https://www.scienceharmonycompany.com,8.1,Result Democrat later direction fund law indeed.
1272,SustainableIndustries,France,https://www.sustainableindustries.com,6.9,Health executive impact full our smile.
1273,SustainableInnovations,Netherlands,https://www.sustainableinnovations.com,9.0,Upon very act perform none beyond. Defense enter value thing these hard citizen.
1274,TechnologyGaia Industries,South Korea,https://www.technologygaiaindustries.com,7.7,Us increase how hear history bank. Agreement us stuff practice social.
1275,Terra Company,Belgium,https://www.terracompany.com,7.7,Save article finish anyone live try most arm.
1276,Terra Group,Spain,https://www.terragroup.com,6.4,Former body indicate film together the.
1277,Terra Industries,Belgium,https://www.terraindustries.com,5.4,Room possible responsibility add. So nothing serious compare task today.
1278,Terra-Co.,Norway,https://www.terraco.com,6.6,Little character artist billion tonight gas research mean. Always remain yard model.
1279,Terra-Innovations,Norway,https://www.terrainnovations.com,6.2,Late order fact discuss religious reflect.
1280,TerraCo.,Australia,https://www.terraco.com,8.5,Artist brother fill if maybe. Real police wait happen determine.
1281,TerraGroup,Japan,https://www.terragroup.com,7.7,Strong like see appear weight. Practice sit prepare senior wear.
1282,TerraProducts,Belgium,https://www.terraproducts.com,8.8,Accept nearly upon imagine.
1283,ThesePlanet Products,Switzerland,https://www.theseplanetproducts.com,6.9,Particularly would pressure account stage. Use billion there enough threat.
1284,TreatHarmony Group,UK,https://www.treatharmonygroup.com,7.2,Order his oil west school American training occur.
1285,TruthPlanet Company,Portugal,https://www.truthplanetcompany.com,7.1,Develop single baby plan most create.
1286,UsEarth Manufacturing,New Zealand,https://www.usearthmanufacturing.com,6.5,Young however many.
1287,WrongEarth Co.,UK,https://www.wrongearthco.com,6.2,Current meeting matter and. Require sound mind chance.
1288,YourBio Enterprises,Austria,https://www.yourbioenterprises.com,9.7,Position interest gun guy. Week game she court.
1105,ArriveEco Solutions,South Korea,https://www.arriveecosolutions.com,9.0,Bar suddenly population former.
1106,BankHarmony Goods,Belgium,https://www.bankharmonygoods.com,8.0,Investment identify policy face if whom commercial. Least ready gun join black job hundred bad.
1107,BeforeEarth Living,Belgium,https://www.beforeearthliving.com,8.3,During let particular her agreement surface consider.
1108,BeTerra Enterprises,Spain,https://www.beterraenterprises.com,9.0,Discuss really relationship ask.
1109,Bio Corp,UK,https://www.biocorp.com,9.3,Bed house enough buy happy see. Once state wait board doctor.
1110,Bio Enterprises,Austria,https://www.bioenterprises.com,8.0,What no prove improve them wait institution trouble.
1111,Bio Industries,UK,https://www.bioindustries.com,7.3,Charge call prove nor design record short cold.
1256,SeveralEarth Innovations,Belgium,https://www.severalearthinnovations.com,6.1,Line six space couple best issue interest. Tell approach president position art rock song.
1257,SituationOrganic Co.,Belgium,https://www.situationorganicco.com,9.3,Evening painting response data. Measure economy traditional anything plant.
1258,SmallPure Company,Canada,https://www.smallpurecompany.com,8.4,Today major event magazine home protect something right. Try wonder move trade option production base.
1259,SomethingEarth Goods,Belgium,https://www.somethingearthgoods.com,7.5,Leg rest interest here discover.
1260,SpringEco Products,Switzerland,https://www.springecoproducts.com,7.5,Among western bad under pretty.
1261,StandGaia Industries,Spain,https://www.standgaiaindustries.com,7.3,Road standard spring door chair culture. Check service away week physical less nor often.
1262,StandHarmony Manufacturing,Austria,https://www.standharmonymanufacturing.com,7.6,Late kind team wrong figure perform. Whether between several personal enough ball dream necessary.
1263,SummerNature Living,Norway,https://www.summernatureliving.com,6.6,Describe decade trade field training deep couple. Section senior trial receive.
1264,SureGreen Solutions,Germany,https://www.suregreensolutions.com,6.1,Future choice whatever from behavior benefit.
1265,Sustainable Corp,Netherlands,https://www.sustainablecorp.com,7.7,Soon ten specific environment skin blue. Teach develop staff.
1266,Sustainable Enterprises,Portugal,https://www.sustainableenterprises.com,7.3,Foreign account section compare herself.
1267,Sustainable-Company,Italy,https://www.sustainablecompany.com,7.8,Reveal improve pressure. Avoid sit enter perhaps.
1268,Sustainable-Corp,Finland,https://www.sustainablecorp.com,6.0,Major born guy world southern dream. There water beat magazine attorney.
1269,Sustainable-Manufacturing,South Korea,https://www.sustainablemanufacturing.com,9.8,Reality happen something entire bar interesting issue.
1270,Sustainable-Solutions,UK,https://www.sustainablesolutions.com,9.7,Business quality here woman stand.
1271,SustainableCompany,Norway,https://www.sustainablecompany.com,8.9,Seat strategy total simply discover soon despite couple.
